Mechanism,Method,Iteration,Execution_Time,Train_MAE,Train_RMSE,Train_R2,Train_Correlation,Train_Distribution_similarity,Test_MAE,Test_RMSE,Test_R2,Test_Correlation,Test_Distribution_similarity,Hyperparameters,Missing_Rate
MCAR,Mean,1,0.005454,3.7485487829872963,9.274269182700069,0.80804156482702,0.898971586417777,0.4000682161224638,3.5634965666606306,7.6513947984248905,0.8417718145588069,0.918999904075461,0.40118425977421646,{'strategy': 'mean'},0.1
MCAR,Median,1,0.007924,3.5537915186964697,9.560883156639195,0.7959935829714172,0.8955734907213176,0.5928067531966568,3.428695652173913,7.645800211198643,0.8420031182042185,0.9186105555299596,0.5691186885920969,{'strategy': 'median'},0.1
MCAR,KNN,1,0.408524,2.591080008355964,6.499315096245458,0.9057279410593903,0.9530121610570792,0.7416481081579424,2.4579999999999997,5.13430152736602,0.9287531995926592,0.9639492494443392,0.7165517540616988,"{'n_neighbors': 5, 'weights': 'uniform'}",0.1
MCAR,MICE,1,2.601247,2.3513425300813977,6.258648467359146,0.9125803778651908,0.9554624350659376,0.6916901244951302,2.323083480496137,5.829889302216267,0.9081406766907051,0.9574668935563537,0.6651074157606109,"{'max_iter': 10, 'n_nearest_features': 10}",0.1
MCAR,MissForest,1,287.764835,2.0354355546271155,5.629844906050186,0.9292639721374726,0.9641839774564942,0.7613783330950769,1.9929956521739132,4.604887122725537,0.942688654709361,0.9721774410125746,0.7305003198056743,"{'n_estimators': 100, 'max_iter': 5}",0.1
MCAR,EM,1,5.479436,2.19622414737475,6.042216819854067,0.9185219891349938,0.9584569436924506,0.7542422449462531,3.5610093311732847,7.644610652691869,0.8420522777189653,0.9190067578838271,0.40210001068996737,"{'max_iter': 50, 'tolerance': 0.001}",0.1
MCAR,Mean,2,0.005671,3.528684415989526,8.628509301034828,0.82427470196964,0.9078964726156646,0.4032698878006945,3.612784986279554,9.137921049036306,0.7990893202166987,0.8946993671560194,0.3895422746280479,{'strategy': 'mean'},0.1
MCAR,Median,2,0.008137,3.4102120294244918,9.024487097527008,0.8077759150926214,0.9028665256549472,0.5930879786430385,3.47598627787307,9.2365056174174,0.7947308813747189,0.8934840282816536,0.5594001426539239,{'strategy': 'median'},0.1
MCAR,KNN,2,0.410217,2.59169190826482,6.346786291927272,0.9049240889846354,0.9513342779248074,0.7529227401089283,2.6319039451114925,7.169537234085851,0.8763225651111237,0.9368558491458215,0.7145814124738195,"{'n_neighbors': 5, 'weights': 'uniform'}",0.1
MCAR,MICE,2,2.286635,2.5068918902973483,6.021795949888521,0.9144116180957309,0.9564545670793626,0.6947281224347162,2.4564449772353125,6.268406123214874,0.9054585034912007,0.9515656336233896,0.6692782374993658,"{'max_iter': 10, 'n_nearest_features': 10}",0.1
MCAR,MissForest,2,284.325366,2.0900216356555603,5.6797965945320135,0.9238572932240866,0.9615066930400128,0.7589204906273154,2.0206174957118352,5.963546336338838,0.9144308109288883,0.9563006492614706,0.7239327653852365,"{'n_estimators': 100, 'max_iter': 5}",0.1
MCAR,EM,2,3.860105,2.148622518057463,5.839485368413972,0.9195155659419304,0.9594171804171849,0.7437364656419553,3.6157718485079786,9.141633704176622,0.7989260306472834,0.8946686953126166,0.3895422746280479,"{'max_iter': 50, 'tolerance': 0.001}",0.1
MCAR,Mean,3,0.005506,3.6380504464993275,9.30501678080711,0.8095385302952443,0.8997489380295993,0.41155605318655064,3.5951592622246866,9.282327178407744,0.8066204716356713,0.898130977535696,0.3722025584921814,{'strategy': 'mean'},0.1
MCAR,Median,3,0.008185,3.4891891891891893,9.634948081449352,0.7957925569336257,0.8965200777547937,0.5898230631233503,3.357320099255583,9.637130084281992,0.791554657882583,0.8948924785909096,0.5689657403580065,{'strategy': 'median'},0.1
MCAR,KNN,3,0.409125,2.6014968814968817,7.08502094771228,0.889578132671841,0.9439255945789196,0.7461248618275289,2.3604631927212574,5.861435557865278,0.92289105846815,0.9631499361103871,0.7257205382522739,"{'n_neighbors': 5, 'weights': 'uniform'}",0.1
MCAR,MICE,3,2.294315,2.5282504331123445,6.198115236743009,0.9154931131822568,0.9568150504929754,0.7015404795410176,2.4267476593365567,6.287365518657358,0.9112774183574531,0.9551482753689742,0.6627744527674195,"{'max_iter': 10, 'n_nearest_features': 10}",0.1
MCAR,MissForest,3,282.676882,2.083599792099792,5.786533134101818,0.9263437340186972,0.9625049486613719,0.7672116778405549,2.0624441687344914,5.590631788303573,0.9298514769438871,0.9642973792247478,0.7429970350239281,"{'n_estimators': 100, 'max_iter': 5}",0.1
MCAR,EM,3,2.254658,2.2024891934429,5.78352245190539,0.9264203594919341,0.9628712302492901,0.7549652615674624,3.5967243263840762,9.287500881622938,0.8064048431429087,0.8980059566152161,0.36992016405292427,"{'max_iter': 50, 'tolerance': 0.001}",0.1
MCAR,Mean,1,0.005804,3.7397417665101207,9.317886666541465,0.8117660672616092,0.9009971483640749,0.41466019757442696,3.5647612119028365,7.898800770611936,0.8331405240209637,0.9138887960640149,0.40717223518751056,{'strategy': 'mean'},0.2
MCAR,Median,1,0.008159,3.5883723392989517,9.724724350200754,0.7949698788584889,0.8968648844023177,0.588428943429019,3.445531914893617,7.999281882662835,0.8288682633912055,0.9118840042308962,0.5895435453441737,{'strategy': 'median'},0.2
MCAR,KNN,1,0.488922,2.7211055808535423,7.113605889671853,0.8902908956602604,0.9442687385299888,0.7575765572420741,2.562595744680851,5.860929052778419,0.9081325875662485,0.9531728245834323,0.7369802024387999,"{'n_neighbors': 5, 'weights': 'uniform'}",0.2
MCAR,MICE,1,1.866927,2.4347085494392924,6.197351590489481,0.9167325357720905,0.9574858056866112,0.7157289940401764,2.395330391894213,5.5622047575822595,0.917258669528459,0.9582085010848626,0.6916955931905898,"{'max_iter': 10, 'n_nearest_features': 10}",0.2
MCAR,MissForest,1,277.899538,2.180250450068834,5.920880216476156,0.9239961453894917,0.9612607880100202,0.785549034966516,2.1104127659574465,5.553319316006591,0.9175228115606675,0.9604693779320291,0.7515045680914423,"{'n_estimators': 100, 'max_iter': 5}",0.2
MCAR,EM,1,7.53231,2.601614749969856,6.882221304907582,0.8973118486011445,0.9475449281496888,0.7886500439150408,3.5629812843197315,7.888625395312254,0.8335701497918637,0.914066575683866,0.40424825857932356,"{'max_iter': 50, 'tolerance': 0.001}",0.2
MCAR,Mean,2,0.005824,3.651888182035985,9.227697024190816,0.8128596233217006,0.9016139360533358,0.40553007172380184,3.793022581404786,9.257424450872719,0.8107930398321957,0.900710925810245,0.39264422241253794,{'strategy': 'mean'},0.2
MCAR,Median,2,0.008287,3.50898332436794,9.603063434473379,0.7973248789309926,0.8977226247004526,0.5947347344484404,3.6236795774647885,9.397074949452824,0.8050415170422469,0.9002692339371521,0.5769271785825428,{'strategy': 'median'},0.2
MCAR,KNN,2,0.479616,2.7170952124798275,7.0324357254356045,0.8913092992313297,0.9445203623844332,0.7527040369976922,2.7601232394366195,7.046516720147902,0.8903759787576014,0.9439276062109733,0.7193700820678262,"{'n_neighbors': 5, 'weights': 'uniform'}",0.2
MCAR,MICE,2,2.050373,2.478326244652396,6.298300163029808,0.9128178541284421,0.9554456412676433,0.7059629392081734,2.434287912684359,6.260094152603068,0.9134796065855573,0.9557653070996285,0.691120605832835,"{'max_iter': 10, 'n_nearest_features': 10}",0.2
MCAR,MissForest,2,285.388482,2.184205486820871,5.987090002875207,0.9212206452218228,0.9598594030767686,0.771906835208348,2.1852904929577464,6.011175456574056,0.9202233924329482,0.959325488291852,0.7440325684150619,"{'n_estimators': 100, 'max_iter': 5}",0.2
MCAR,EM,2,6.474066,2.596054326537127,6.694718376383982,0.9014979042544047,0.9499294086305634,0.7814921158728234,3.7961309969469545,9.260240737797234,0.8106779015139558,0.9006715384471045,0.3910836894338078,"{'max_iter': 50, 'tolerance': 0.001}",0.2
MCAR,Mean,3,0.005708,3.738250416547477,9.665431027416721,0.8059774847598238,0.8980410490663099,0.41795986835183263,3.7401079884103785,9.39917197200606,0.8077515946012126,0.8994751671978228,0.3909630653126617,{'strategy': 'mean'},0.2
MCAR,Median,3,0.008333,3.607945635128071,10.114979342996826,0.7875094216346002,0.8937342387297891,0.5886669310031594,3.5790554414784395,9.867437582033052,0.788118845571852,0.8954949637565687,0.5860096816921474,{'strategy': 'median'},0.2
MCAR,KNN,3,0.479602,2.8007318348144277,7.466562647073713,0.8842153186164015,0.9408932986455374,0.7474480938222701,2.7640246406570843,7.032584763794812,0.892374915461688,0.9450819330934312,0.732369318508917,"{'n_neighbors': 5, 'weights': 'uniform'}",0.2
MCAR,MICE,3,1.869854,2.489099093577197,6.672590863096221,0.9075304655493761,0.9526489024293588,0.7136806247764604,2.4308094673095266,6.419214198561341,0.9103299751780153,0.9541506117474438,0.688975385578082,"{'max_iter': 10, 'n_nearest_features': 10}",0.2
MCAR,MissForest,3,278.853259,2.1913225300575014,6.127202609176953,0.9220288102430247,0.9602778144174903,0.7778273863345385,2.132094455852156,5.902130254411628,0.9241944271083677,0.9613593085455324,0.7492058901941182,"{'n_estimators': 100, 'max_iter': 5}",0.2
MCAR,EM,3,13.020857,2.670856188165924,7.309068735745501,0.8890483486607265,0.9440892650321796,0.786654947079078,3.747991052224858,9.393869713850233,0.8079684356507439,0.8994151138380728,0.39018242518775925,"{'max_iter': 50, 'tolerance': 0.001}",0.2
MCAR,Mean,1,0.005869,3.7273542448960795,9.25038272362485,0.8113918815729195,0.9008195260516966,0.41327741953882835,3.6970216633366775,8.543006878901545,0.820493537234094,0.906606522231425,0.4132180895249279,{'strategy': 'mean'},0.3
MCAR,Median,1,0.008187,3.5433789954337898,9.548868632837795,0.7990237137902443,0.8979499552369499,0.593113609078273,3.561675272518646,8.69199485312078,0.8141778426013422,0.9042100467792615,0.5952927940245369,{'strategy': 'median'},0.3
MCAR,KNN,1,0.541339,2.84483315770987,7.212425955458993,0.8853421709030522,0.9414459733947229,0.7581439210652215,2.8941480206540446,6.9812888190001985,0.8801246777566426,0.9384619192615281,0.7284585677392655,"{'n_neighbors': 5, 'weights': 'uniform'}",0.3
MCAR,MICE,1,1.921658,2.6358596457555192,6.45734961125983,0.9080927904664549,0.9529715809714834,0.7127820547385424,2.59688976254805,5.985367739214639,0.9118869460445884,0.9556201869174068,0.6997733702738933,"{'max_iter': 10, 'n_nearest_features': 10}",0.3
MCAR,MissForest,1,266.057286,2.2756852827537757,5.903822833841606,0.9231741078516126,0.9608465081757733,0.7901504471169893,2.245061675272519,5.486869544612701,0.9259529355096765,0.9627848953808397,0.7631829432239661,"{'n_estimators': 100, 'max_iter': 5}",0.3
MCAR,EM,1,2.609372,2.6294408005174796,6.814274504341334,0.8976517954015675,0.9474914606536881,0.7621437506205864,3.6882461597064418,8.523842207967597,0.8212980136037746,0.9068696963661875,0.40608476518069747,"{'max_iter': 50, 'tolerance': 0.001}",0.3
MCAR,Mean,2,0.006082,3.6697561619255583,9.307854442442952,0.8084934668329158,0.899165278650905,0.4082000511651528,3.7751232203948066,9.622517868466845,0.7943765065649125,0.8916957878594759,0.3931419044925729,{'strategy': 'mean'},0.3
MCAR,Median,2,0.008322,3.514705882352941,9.651350438139238,0.7940979843129121,0.8955554579306042,0.5944690217882566,3.559401584042241,9.740336577561228,0.7893103463311465,0.8910611512083509,0.5838219654613097,{'strategy': 'median'},0.3
MCAR,KNN,2,0.533798,2.8521377331420377,7.3144031570428885,0.881738817685189,0.9393799972763653,0.7462145905041253,2.8408330888823703,7.753255544989337,0.8665054678323689,0.9309928620092482,0.7322023965408065,"{'n_neighbors': 5, 'weights': 'uniform'}",0.3
MCAR,MICE,2,1.826602,2.5531772085525684,6.567657030946336,0.9046533675016004,0.9511408766348315,0.7094985398435759,2.647217302039886,7.097828665986449,0.888121585180337,0.9426889967691517,0.6995134826764656,"{'max_iter': 10, 'n_nearest_features': 10}",0.3
MCAR,MissForest,2,265.984012,2.262961262553802,6.1576663162256455,0.9161859687394334,0.9571895160676978,0.7791179280620142,2.3274743326488707,6.695832199747038,0.9004355259528862,0.9493110112688307,0.76543463409176,"{'n_estimators': 100, 'max_iter': 5}",0.3
MCAR,EM,2,2.547454,2.59217019275448,6.82393345338716,0.897067150857824,0.9472738473366443,0.7607603849290218,3.7732744214967573,9.622282582167808,0.7943865621033771,0.8916910181273513,0.3914945556575685,"{'max_iter': 50, 'tolerance': 0.001}",0.3
MCAR,Mean,3,0.005956,3.7480726561038376,9.647979489792775,0.8056184381725322,0.8978390088083794,0.4179750438230512,3.8606719684703203,9.530631666733537,0.8066645847262792,0.8984137905235379,0.38473904360033706,{'strategy': 'mean'},0.3
MCAR,Median,3,0.009147,3.620964345873105,10.104152135165934,0.7868025148657336,0.8934937187866109,0.5933202391713621,3.672810421286031,9.955704974030391,0.789034188223358,0.8951260182256568,0.5837389138740225,{'strategy': 'median'},0.3
MCAR,KNN,3,0.560855,2.8844329028635602,7.454924061107407,0.8839436862788737,0.941574885987884,0.7527872566797202,2.8514966740576497,7.214527872068375,0.8892142567660228,0.9439291810417012,0.7214181096145063,"{'n_neighbors': 5, 'weights': 'uniform'}",0.3
MCAR,MICE,3,1.807697,2.7287910067365777,7.207726825747894,0.8915126849291632,0.9442050077535908,0.7129136412187027,2.663095818769082,6.671609293929455,0.9052609000497686,0.9516213412384603,0.6827581787280402,"{'max_iter': 10, 'n_nearest_features': 10}",0.3
MCAR,MissForest,3,268.665771,2.3634436412128017,6.467401841723409,0.9126542021567209,0.9554759246211418,0.7804011233124336,2.2929476164079823,5.943578076429194,0.9248093241231642,0.9617642996034912,0.7559032995342683,"{'n_estimators': 100, 'max_iter': 5}",0.3
MCAR,EM,3,2.627741,2.582386412124854,6.722874824778891,0.9056173049292344,0.9519228405319103,0.7577032580954246,3.871125084697689,9.524285391547215,0.806921976111516,0.8984019097510267,0.3864147444804443,"{'max_iter': 50, 'tolerance': 0.001}",0.3
MCAR,Mean,1,0.006314,3.6962870345086336,9.298989225452399,0.8103196816748177,0.900182120402922,0.4138400788720812,3.724200424018988,8.861777434873035,0.8100447414629107,0.9006302943744533,0.41089916568234974,{'strategy': 'mean'},0.4
MCAR,Median,1,0.008514,3.535499841988834,9.644707535245939,0.7959536144264631,0.896919574534226,0.5962216050802482,3.574349042392942,9.003454373774616,0.8039224011792173,0.8987979702500548,0.59477880398285,{'strategy': 'median'},0.4
MCAR,KNN,1,0.59526,2.952438638997156,7.494981642115852,0.8767769575178943,0.9370828419129688,0.7515718151893436,2.9111684958037447,6.99772965734028,0.8815530275222068,0.9390780701632435,0.7247713672629853,"{'n_neighbors': 5, 'weights': 'uniform'}",0.4
MCAR,MICE,1,1.794703,2.5529289702722138,6.341089231468957,0.9117979843549313,0.9549773696925667,0.7148091903467723,2.5894520720976746,6.302568005487415,0.9039174048469341,0.9510517756350998,0.7014500031444458,"{'max_iter': 10, 'n_nearest_features': 10}",0.4
MCAR,MissForest,1,246.077144,2.3469954176761822,6.0751376401468615,0.9190413934413568,0.9586801464902462,0.7961087852003546,2.334349042392942,5.9028931742455555,0.9157170959345351,0.957026141151977,0.7749651702936987,"{'n_estimators': 100, 'max_iter': 5}",0.4
MCAR,EM,1,2.462122,2.7029833008121464,7.038806626209013,0.8913201953258345,0.9441670053063013,0.7395647920611186,3.716124106175491,8.844764735987273,0.8107733875166825,0.90086143893682,0.4121510156119905,"{'max_iter': 50, 'tolerance': 0.001}",0.4
MCAR,Mean,2,0.006034,3.6479731073269037,9.017212384624159,0.8156864472822392,0.9031727544399035,0.41325897393121236,3.717794864230637,9.187740170641963,0.8036914682682481,0.8971915362862201,0.39841916051078186,{'strategy': 'mean'},0.4
MCAR,Median,2,0.008427,3.4948142207965787,9.351196056250657,0.8017802164090059,0.8998113419226906,0.5953308693917638,3.5042134831460676,9.278932303978461,0.7997752418987063,0.8967387454561353,0.5873723153449429,{'strategy': 'median'},0.4
MCAR,KNN,2,0.563291,2.923079390537289,7.445856314960105,0.8743270020959518,0.9353323284856706,0.7425588860041492,2.9005617977528093,7.51811123506317,0.8685564562486667,0.9320759164217082,0.7328019438678058,"{'n_neighbors': 5, 'weights': 'uniform'}",0.4
MCAR,MICE,2,1.807757,2.6296000879719865,6.834100795599134,0.8941293858299868,0.945665123101949,0.7199434847251873,2.6045460018296795,6.660382921051724,0.8968379028689011,0.9472343944063294,0.7131026417446573,"{'max_iter': 10, 'n_nearest_features': 10}",0.4
MCAR,MissForest,2,247.490483,2.3814097834803527,6.325118075483266,0.9093119743353165,0.9536101211095618,0.7857024273435371,2.377735522904062,6.62348905488305,0.8979776292857421,0.9477346640256092,0.7719151780586777,"{'n_estimators': 100, 'max_iter': 5}",0.4
MCAR,EM,2,1.807676,2.6264507576715923,6.7012343723168275,0.8982059748580185,0.947740341975309,0.7405089749286511,3.7078172712295308,9.177209651410642,0.8041412080416983,0.8973034651384467,0.3981810652726866,"{'max_iter': 50, 'tolerance': 0.001}",0.4
MCAR,Mean,3,0.006109,3.6925478099212485,9.399792525927525,0.8075582558582807,0.8986747527301674,0.40896712877426844,3.8540282770793075,9.55801956962793,0.7999281235406714,0.8943949345753005,0.38708056767831744,{'strategy': 'mean'},0.4
MCAR,Median,3,0.008624,3.5318501416727885,9.748301594930666,0.7930236792241222,0.8957264927998674,0.5976331119660572,3.66029106029106,9.878218967972414,0.7862985286813435,0.8916531049398679,0.582788554650521,{'strategy': 'median'},0.4
MCAR,KNN,3,0.583083,2.9603526078287334,7.735612714018624,0.869667662111936,0.9333178222112541,0.7498102277336023,3.044074844074844,7.927148541038195,0.8623791591561006,0.929767468524842,0.7204413002882157,"{'n_neighbors': 5, 'weights': 'uniform'}",0.4
MCAR,MICE,3,1.847381,2.6535962284812693,6.852522604217569,0.8977263625625471,0.9476253595229629,0.7082606607588179,2.641746946950686,6.796353343658929,0.8988415621065666,0.9481088913747062,0.686381032728776,"{'max_iter': 10, 'n_nearest_features': 10}",0.4
MCAR,MissForest,3,247.580427,2.4054239689369297,6.448291047039294,0.9094367475245475,0.9539455763173587,0.7905308963756555,2.441183991683992,6.320284146238141,0.9125170494915738,0.9553349644926918,0.7714026230271341,"{'n_estimators': 100, 'max_iter': 5}",0.4
MCAR,EM,3,2.273877,2.650467055461644,6.765425392881771,0.9003096853214596,0.948921040603934,0.73776839539099,3.8560459985450555,9.559049337637248,0.7998850102754163,0.8943754664934506,0.393520534936153,"{'max_iter': 50, 'tolerance': 0.001}",0.4
MAR,Mean,1,0.005849,3.885703411664092,10.213515692867345,0.7927126383634935,0.8909554436044963,0.41460659584861137,3.5965778728644056,8.98457870869163,0.8265211009097158,0.909690465317717,0.4108209925151701,{'strategy': 'mean'},0.1
MAR,Median,1,0.008919,3.7791026320438084,10.735068587574691,0.7710018626237496,0.8850781229950623,0.5891879805734979,3.482450103234687,9.518988882553668,0.8052700011280144,0.9043600533780031,0.5709166035763663,{'strategy': 'median'},0.1
MAR,KNN,1,0.428553,2.8464228934817166,7.368131773823311,0.8921209604079634,0.945073497283116,0.7595157150742556,2.5194769442532694,5.805524577749137,0.9275673860824348,0.9641989983934198,0.7276557527146816,"{'n_neighbors': 5, 'weights': 'uniform'}",0.1
MAR,MICE,1,2.799081,2.554562037055006,7.283310599204041,0.8945904486712544,0.9458363015009246,0.7166534979234298,2.2503496812694825,5.8428686478040515,0.926632542622062,0.9626484927678876,0.6787795411855437,"{'max_iter': 10, 'n_nearest_features': 10}",0.1
MAR,MissForest,1,283.352366,2.23130189012542,6.205096639590684,0.9234897885542744,0.9610549841452234,0.7647293255487287,2.094167240192705,5.4762223130947065,0.9355514184980243,0.9672615099203311,0.7307039027044848,"{'n_estimators': 100, 'max_iter': 5}",0.1
MAR,EM,1,4.611148,2.4062160465019717,7.213609966143145,0.8965983149439067,0.9472730892486602,0.7551841815834123,3.602581078599007,8.97089377128543,0.8270491701551785,0.9098324730858182,0.4108209925151701,"{'max_iter': 50, 'tolerance': 0.001}",0.1
MAR,Mean,2,0.006009,3.7045815064120338,9.240407300050265,0.8161997654727033,0.9036468005380374,0.4196874152262404,3.8853739840097123,10.502220657402933,0.7730491512914872,0.8821398811809529,0.3931550149118008,{'strategy': 'mean'},0.1
MAR,Median,2,0.008326,3.6234714363935026,9.718815517769805,0.7966751273258199,0.8991610316526436,0.5832391464307056,3.77304469273743,11.154983604554383,0.7439602431149547,0.874397225735845,0.5745510827771481,{'strategy': 'median'},0.1
MAR,KNN,2,0.431138,2.668516152582588,6.40275196354648,0.9117535612526237,0.9553113372353954,0.758953061145631,2.814944134078212,7.952528497101202,0.8698692293854042,0.9341831829604281,0.7188155615493359,"{'n_neighbors': 5, 'weights': 'uniform'}",0.1
MAR,MICE,2,2.652128,2.5029738949332665,6.434222565567318,0.9108839371614432,0.9544846951336777,0.7181630794409395,2.5862540496335424,7.684577356099556,0.878490703336058,0.937789525735243,0.6877651570453669,"{'max_iter': 10, 'n_nearest_features': 10}",0.1
MAR,MissForest,2,283.132182,2.0975469976273042,5.451954307170578,0.9360164626027386,0.9675641871322057,0.7669846521025235,2.265481843575419,7.127497126852882,0.8954693537510976,0.946335477243094,0.738576652964035,"{'n_estimators': 100, 'max_iter': 5}",0.1
MAR,EM,2,4.512093,2.1761402628141244,5.640604790300808,0.931511890892239,0.9651866935877031,0.7576196428246222,3.8897620990155497,10.498461473348495,0.7732115926170688,0.8820746391680386,0.3889428649355312,"{'max_iter': 50, 'tolerance': 0.001}",0.1
MAR,Mean,3,0.005562,3.629780174101703,8.901707926921912,0.8200901849097287,0.9055888374328368,0.4090630699771719,3.3562132576659804,7.890258537166238,0.8411688002665755,0.9183294309375427,0.3883129572406031,{'strategy': 'mean'},0.1
MAR,Median,3,0.008286,3.5226196738558655,9.305906917626572,0.8033809540769081,0.9007321960510145,0.5916049917492432,3.1099726775956285,8.011390456667328,0.8362545857464446,0.916128311717228,0.5615843231765257,{'strategy': 'median'},0.1
MAR,KNN,3,0.451872,2.6795896896370333,6.427305228374089,0.9062079505948872,0.9524815068654723,0.7511669695137397,2.4898907103825136,6.2805580831694865,0.8993648214515558,0.9486761683018999,0.7437069943731088,"{'n_neighbors': 5, 'weights': 'uniform'}",0.1
MAR,MICE,3,2.308141,2.3722928493326694,6.1957586960621205,0.9128440248787354,0.9554606677347662,0.69793668008556,2.1523288205376447,5.777421525757898,0.9148427831537289,0.956499475990036,0.6888567503928316,"{'max_iter': 10, 'n_nearest_features': 10}",0.1
MAR,MissForest,3,282.410809,2.0600841662283007,5.169641750330273,0.9393223053423752,0.9692784812608973,0.7692361153621745,1.9456215846994538,5.64577294243103,0.9186794766777207,0.9599201421207623,0.7506166565863445,"{'n_estimators': 100, 'max_iter': 5}",0.1
MAR,EM,3,9.571651,2.9104248393263985,8.460986477601367,0.8374637715748754,0.9211379254643967,0.7789059818081788,3.361006746939138,7.89191436080181,0.8411021296881324,0.9183686842391888,0.3883129572406031,"{'max_iter': 50, 'tolerance': 0.001}",0.1
MAR,Mean,1,0.005793,3.7612500088152125,9.4936030889506,0.8143741035741339,0.9028174941102852,0.4124247963626757,3.6282757129469094,9.166659242268704,0.8158078038645742,0.9035611220651453,0.4044225539120788,{'strategy': 'mean'},0.2
MAR,Median,1,0.008588,3.680245486080228,10.102107009980257,0.7898156616852866,0.8965237128796713,0.5894032862316391,3.5343035343035343,9.743594302803762,0.7918926414232179,0.8972203932090713,0.5719028242845836,{'strategy': 'median'},0.2
MAR,KNN,1,0.513439,2.892893355865872,7.314365892703581,0.8898131453902658,0.9439651479848242,0.7609279020378689,2.694975744975745,6.7059052285403595,0.9014256608470128,0.9513655794298076,0.7331733551319395,"{'n_neighbors': 5, 'weights': 'uniform'}",0.2
MAR,MICE,1,1.813873,2.5445721908468975,6.96147636439175,0.9001888341185024,0.9488025234294108,0.7205779148103655,2.4632084893456505,6.745680873937947,0.9002528181110102,0.9489087070752382,0.6868261354482367,"{'max_iter': 10, 'n_nearest_features': 10}",0.2
MAR,MissForest,1,275.174308,2.2906337276527617,6.315229106467213,0.9178600103080913,0.958169450083505,0.7751490896464109,2.276599099099099,6.172628940217494,0.9164802101895898,0.9573911136604011,0.7536497563354123,"{'n_estimators': 100, 'max_iter': 5}",0.2
MAR,EM,1,3.356097,2.703144452598319,7.2600832577299945,0.8914425520719392,0.9446272592931628,0.7754337844329453,3.634329375080556,9.151332154380937,0.8164232450412168,0.9037640714746752,0.4069101161011335,"{'max_iter': 50, 'tolerance': 0.001}",0.2
MAR,Mean,2,0.005856,3.75529008973901,9.589468932875878,0.8050942006957634,0.89738525368915,0.41580356374659366,3.8422991055623323,10.422537698666257,0.7811844349998478,0.8846862895320403,0.40188564937290205,{'strategy': 'mean'},0.2
MAR,Median,2,0.008954,3.64262980812949,9.98668751061907,0.7886128565641202,0.8934383064199501,0.5853520986013941,3.7314614830813535,10.93010716418601,0.7593531938535116,0.8791523710585841,0.5775767806965468,{'strategy': 'median'},0.2
MAR,KNN,2,0.516415,2.809802673456397,7.0903390015215235,0.893446026749711,0.9454751355229781,0.7531523416705185,2.933837293016559,7.880475915066816,0.8749060937648231,0.9359147559367856,0.7285808581390613,"{'n_neighbors': 5, 'weights': 'uniform'}",0.2
MAR,MICE,2,1.821438,2.5945666434664556,6.793596488009146,0.902178313860995,0.9498731001522522,0.7020595050692663,2.6653482917054094,7.251273312993683,0.8940844290710563,0.9456051947748761,0.6883577678846693,"{'max_iter': 10, 'n_nearest_features': 10}",0.2
MAR,MissForest,2,274.127226,2.250592888969719,6.032408677403576,0.9228710959343682,0.960667507947215,0.7752598363037402,2.333383729301656,6.932170172271899,0.9032012625699148,0.9503958257856496,0.7717968585791191,"{'n_estimators': 100, 'max_iter': 5}",0.2
MAR,EM,2,3.410417,2.5962754338472562,6.5877224740025,0.9080172819735721,0.952947163325101,0.7750733729917193,3.8448443318971712,10.422160827169614,0.7812002591418966,0.8846503774583727,0.40358265860415776,"{'max_iter': 50, 'tolerance': 0.001}",0.2
MAR,Mean,3,0.005993,3.6689427439142057,9.26536608717385,0.8128292253119431,0.901667941996731,0.4101788411176823,3.578463223311297,8.311043077674936,0.8335167298642001,0.9137596157512471,0.39811720706786413,{'strategy': 'mean'},0.2
MAR,Median,3,0.008871,3.557818659658344,9.73814968829963,0.7932403622274246,0.8963058925312976,0.5930085724256667,3.3703315881326352,8.463493104639847,0.8273530857128993,0.9117303596533741,0.5810132962663382,{'strategy': 'median'},0.2
MAR,KNN,3,0.514151,2.7545948313622426,7.002896653659179,0.8930776968145715,0.9457248058179303,0.7590080159908514,2.621221640488656,6.195289546538162,0.9074912636911977,0.9527741080579205,0.7606862456861853,"{'n_neighbors': 5, 'weights': 'uniform'}",0.2
MAR,MICE,3,1.841637,2.4782901620970645,6.288277649481035,0.9137862990135871,0.955926529599761,0.7050029586525978,2.346618082879529,5.828834794153731,0.9181114796490901,0.9583052606036679,0.7108350350712287,"{'max_iter': 10, 'n_nearest_features': 10}",0.2
MAR,MissForest,3,275.375419,2.231394656154183,5.8878436284500015,0.9244167772847669,0.9614934125555261,0.7778658782280199,2.135916230366492,5.532069670042662,0.9262376383603252,0.9633275108475374,0.7687328006975862,"{'n_estimators': 100, 'max_iter': 5}",0.2
MAR,EM,3,3.202373,2.7087909015965566,7.23025922496508,0.8860221114839604,0.942449217233267,0.7759981275396525,3.595174991369745,8.325870792256879,0.8329221550385765,0.9136243929974955,0.3959397378397037,"{'max_iter': 50, 'tolerance': 0.001}",0.2
MAR,Mean,1,0.006165,3.7483071066747686,9.423418456101045,0.811690998312945,0.9011289210942114,0.4172150928518734,3.717030811403114,9.696118199188893,0.7969663927120425,0.8932401537848252,0.4156365320208144,{'strategy': 'mean'},0.3
MAR,Median,1,0.008801,3.6629963791773017,9.977853585678748,0.7888804842635517,0.8947159849814337,0.5857944629321313,3.625373477361526,10.281176834590191,0.7717252968601993,0.8857242750376351,0.5811424196600761,{'strategy': 'median'},0.3
MAR,KNN,1,0.573038,2.978257256484834,7.547720210129173,0.8791947765974772,0.9381998826617772,0.7486628767314907,2.9573891059526547,7.939929608504269,0.8638538285630978,0.9303006032323943,0.7364265758436714,"{'n_neighbors': 5, 'weights': 'uniform'}",0.3
MAR,MICE,1,1.81925,2.768545299331907,7.0586895529042835,0.8943420231033627,0.9458270299444781,0.7157678617094806,2.7227903981165453,7.225678113138128,0.8872466768994784,0.9423038258656385,0.6911764897529915,"{'max_iter': 10, 'n_nearest_features': 10}",0.3
MAR,MissForest,1,259.351276,2.432535169466374,6.469822336698241,0.9112355968375229,0.9546905980404995,0.7825440598989831,2.3619145024132386,6.481872097850912,0.9092653761877535,0.9536303651149189,0.7642509906293533,"{'n_estimators': 100, 'max_iter': 5}",0.3
MAR,EM,1,2.360411,2.7058419738524684,6.841955333996231,0.9007307829171184,0.949156823244578,0.7515721898690348,3.7256960119037053,9.673980145501801,0.7978924618062135,0.8935437024716977,0.4151080339022888,"{'max_iter': 50, 'tolerance': 0.001}",0.3
MAR,Mean,2,0.005979,3.726623234917226,9.40857960007766,0.812223721999522,0.9015210463758174,0.4167145351795464,3.784925056075025,10.281965475660447,0.7803365346952212,0.8841085910877168,0.4083780775694227,{'strategy': 'mean'},0.3
MAR,Median,2,0.008816,3.6299963772491246,9.869184211736684,0.7933882053891166,0.8968645041625821,0.5877263262186199,3.6636150234741782,10.768117171439043,0.7590732106231793,0.8786801057863386,0.5910150733589975,{'strategy': 'median'},0.3
MAR,KNN,2,0.563495,2.9373988648713927,7.300799856264996,0.8869336206911049,0.9419604206679891,0.7469843587730998,3.0451643192488262,8.250250245173246,0.8585705698945979,0.927400601234266,0.7280056608662127,"{'n_neighbors': 5, 'weights': 'uniform'}",0.3
MAR,MICE,2,1.806594,2.7250513915995045,7.218598515658337,0.8894653666242257,0.9431281689323949,0.7070178389006936,2.861562232008535,8.048024043210681,0.8654188985744451,0.9304718993143143,0.703505419754036,"{'max_iter': 10, 'n_nearest_features': 10}",0.3
MAR,MissForest,2,258.718208,2.442397657287767,6.454553143280707,0.9116259087163416,0.95508955763203,0.790074323050537,2.5093896713615025,7.585725382418269,0.8804361803688777,0.9383661337181123,0.7826130896366486,"{'n_estimators': 100, 'max_iter': 5}",0.3
MAR,EM,2,2.740381,2.60089185480203,6.648083523306539,0.9062469223060808,0.9519845275821084,0.7537671860386247,3.794171178455816,10.270097618229052,0.7808433308288866,0.8842395986389281,0.4075527690910531,"{'max_iter': 50, 'tolerance': 0.001}",0.3
MAR,Mean,3,0.006287,3.6510708829289333,9.167813476344202,0.8149581126063331,0.9027952482822478,0.41097436433416845,3.586144897315511,8.457945510072026,0.83039316651628,0.9115250805684181,0.3999670868646342,{'strategy': 'mean'},0.3
MAR,Median,3,0.008807,3.5429164474068875,9.65564573058962,0.7947414966779833,0.897201268394187,0.5854317444422479,3.3922475106685632,8.714578102414485,0.8199445325965639,0.9089641031173957,0.5830438768175159,{'strategy': 'median'},0.3
MAR,KNN,3,0.575292,2.9134947085306675,7.264102510918369,0.8838277393493137,0.9404092373225172,0.7453511032714553,2.7450924608819345,6.658174296996115,0.8948948733092091,0.9461980077344436,0.7365729006167536,"{'n_neighbors': 5, 'weights': 'uniform'}",0.3
MAR,MICE,3,1.897197,2.652741328501629,6.576399726256135,0.9047829072405493,0.9512716010388061,0.7081028509019356,2.5081224999990477,5.991570803646926,0.9148871815841603,0.9565141791689075,0.7021720563596356,"{'max_iter': 10, 'n_nearest_features': 10}",0.3
MAR,MissForest,3,254.118746,2.355742852131205,6.101860724675596,0.9180284602000863,0.9585647451141615,0.7854901383955641,2.2584091986723567,5.709145543792752,0.9227220114191382,0.9614530307339607,0.7727985944967257,"{'n_estimators': 100, 'max_iter': 5}",0.3
MAR,EM,3,2.368428,2.599476696158247,6.7239024037517785,0.9004637409770401,0.9490523705079587,0.7472564721596884,3.5947061977440447,8.467566344100932,0.8300070946862845,0.9114073799429346,0.401856020332515,"{'max_iter': 50, 'tolerance': 0.001}",0.3
MAR,Mean,1,0.006512,3.7078856630734833,9.448233756755746,0.8084605259324175,0.8993775902986382,0.41487868988471155,3.69234651980618,9.540134197857302,0.7995504505334963,0.8943947207556966,0.41630541110387276,{'strategy': 'mean'},0.4
MAR,Median,1,0.008822,3.5980032599837,9.91356114865861,0.7891292168187221,0.8944810499117138,0.5897618629461119,3.575128614511265,9.98829366254121,0.780275380206922,0.8891318789877976,0.5855485776922184,{'strategy': 'median'},0.4
MAR,KNN,1,0.611333,3.112555465000453,8.01716681739621,0.8620890112620598,0.9293944606177686,0.739069059890231,3.0434628348412276,8.08908444816276,0.8558897553159688,0.9263546794441321,0.7283166562843277,"{'n_neighbors': 5, 'weights': 'uniform'}",0.4
MAR,MICE,1,1.853403,2.7803275930616063,7.033229069844491,0.8938630614661888,0.9454614327822316,0.7111247312901401,2.756234159777601,7.066882444262491,0.8900103422135925,0.9434150582385616,0.6926437669492143,"{'max_iter': 10, 'n_nearest_features': 10}",0.4
MAR,MissForest,1,236.678311,2.539922575387123,6.858281902738473,0.8990775705968008,0.9483340977893266,0.788042477354306,2.4853432676955824,6.874486641049424,0.895917752516983,0.9466057564424966,0.7742623095284595,"{'n_estimators': 100, 'max_iter': 5}",0.4
MAR,EM,1,2.585895,2.816188481369325,7.323631472803873,0.884917312250977,0.9407406147151849,0.7230007286168377,3.6995026901319132,9.532449110314708,0.799873266090851,0.8944943026456827,0.4152984699627019,"{'max_iter': 50, 'tolerance': 0.001}",0.4
MAR,Mean,2,0.006401,3.688996282634201,9.206880953230009,0.8143704335382661,0.9025531156664591,0.4193697389037413,3.728356669293917,9.940693455222409,0.7874282373573331,0.887476280410821,0.40900146076534294,{'strategy': 'mean'},0.4
MAR,Median,2,0.009336,3.587590240336288,9.684896590484671,0.7945944987245763,0.8974394729027297,0.5855891548737087,3.596054736093833,10.364521993524654,0.7689155268874717,0.8827161453261588,0.5935099463825131,{'strategy': 'median'},0.4
MAR,KNN,2,0.602176,3.161856894818605,8.018133291622563,0.8592110278869828,0.9269511626399783,0.7428426588508426,3.079047449795628,8.350817367298404,0.849986555816982,0.9223413206332173,0.7305324701320306,"{'n_neighbors': 5, 'weights': 'uniform'}",0.4
MAR,MICE,2,1.810058,2.526207526242409,6.472776197437541,0.9082505906142322,0.9530251130618832,0.7213815030974482,2.5296565056574734,7.080110968313087,0.8921668381109517,0.9445503232677461,0.7085513846992559,"{'max_iter': 10, 'n_nearest_features': 10}",0.4
MAR,MissForest,2,232.864591,2.5391857808644795,6.726329396874574,0.9009217429721224,0.9495481341598657,0.8014640650177085,2.6162182335169715,7.513749070424176,0.8785533372683424,0.9374790082780831,0.7968427930489774,"{'n_estimators': 100, 'max_iter': 5}",0.4
MAR,EM,2,1.818178,2.776735793075051,7.0922353530492686,0.8898490180274867,0.9434156351144395,0.7192898469680127,3.728796957524626,9.938630063489459,0.7875164753253528,0.8875174858498495,0.4074741008664444,"{'max_iter': 50, 'tolerance': 0.001}",0.4
MAR,Mean,3,0.006417,3.6362298606631684,9.178401039611146,0.8113483732252348,0.9007559873250167,0.41247982114681103,3.7065834459153306,9.160058770183019,0.8127382265691384,0.9015294484694938,0.4060604523940886,{'strategy': 'mean'},0.4
MAR,Median,3,0.009019,3.511798155278947,9.623491567645225,0.7926080785755426,0.8947568516846782,0.588183091557167,3.5318995120187964,9.522600510214485,0.7976217936833081,0.8976893217760284,0.5868320693639764,{'strategy': 'median'},0.4
MAR,KNN,3,0.596914,3.084163159308677,7.972263331537929,0.8576721903404407,0.9261351473541053,0.7372931619223548,3.0389662027832998,7.763242040768355,0.8654948648258682,0.9309832888587912,0.7270747655162189,"{'n_neighbors': 5, 'weights': 'uniform'}",0.4
MAR,MICE,3,1.804554,2.559795624518793,6.493535461945211,0.9055745793475997,0.9517860328366959,0.7133328636855105,2.5181242806707522,6.0974328624484455,0.917025113693193,0.9576261110135371,0.7123363545635091,"{'max_iter': 10, 'n_nearest_features': 10}",0.4
MAR,MissForest,3,229.342082,2.5213226470851615,6.505163052675946,0.9052361125260429,0.9520521429618535,0.7963554092321956,2.4276649195734685,6.315612261089469,0.9109808321397687,0.954547779247462,0.7866320005225501,"{'n_estimators': 100, 'max_iter': 5}",0.4
MAR,EM,3,2.023521,2.871005772369376,7.3485356773559625,0.8790716550499196,0.9376932408396912,0.6963174257057023,3.709816599627718,9.166402517970162,0.8124787625543844,0.9014100403038657,0.40544917087586274,"{'max_iter': 50, 'tolerance': 0.001}",0.4
MNAR,Mean,1,0.005666,3.9887678372526287,9.075720459851183,0.822313666791452,0.9130184016516034,0.3758154516277623,3.6731646779675806,8.97994125635229,0.8289409927550103,0.9120700011276152,0.34051536658040127,{'strategy': 'mean'},0.1
MNAR,Median,1,0.008118,3.616282949616283,8.863176023444186,0.8305386925884921,0.9113693642890149,0.5630444182748594,3.411227154046997,9.158382996592332,0.8220751703225955,0.9085832421707208,0.5247717022689621,{'strategy': 'median'},0.1
MNAR,KNN,1,0.369593,2.7766433099766434,6.3089520690478285,0.9141369602207898,0.9564951946296869,0.715652119122743,2.610966057441253,6.095651833838065,0.9211794859960869,0.9599846403377238,0.6598747981000448,"{'n_neighbors': 5, 'weights': 'uniform'}",0.1
MNAR,MICE,1,2.333648,2.7742518243175662,6.702117517481934,0.9031017617591174,0.9524165575004399,0.672777874263181,2.4098352073141083,6.073443822975633,0.9217527661692919,0.9613109232965591,0.6199156792543712,"{'max_iter': 10, 'n_nearest_features': 10}",0.1
MNAR,MissForest,1,283.081421,2.258214881548215,5.636571890432104,0.9314635027767375,0.9665738819208752,0.7443131009912618,2.0137206266318537,5.2361156077729465,0.9418409358790335,0.971386856069486,0.6964438406354738,"{'n_estimators': 100, 'max_iter': 5}",0.1
MNAR,EM,1,2.910582,2.393758426934581,6.1738218877193685,0.9177757357835108,0.95940831807723,0.7187210874279226,3.65827232994415,8.967309062960151,0.8294219158595015,0.9120892122666376,0.3447170472526703,"{'max_iter': 50, 'tolerance': 0.001}",0.1
MNAR,Mean,2,0.005632,3.995915202399033,9.005759542699032,0.8259591177819556,0.9141924497027554,0.3745484361223723,4.079754705384425,10.410807383904093,0.8081035407420155,0.8998928886899842,0.33442903398958945,{'strategy': 'mean'},0.1
MNAR,Median,2,0.007982,3.6801495581237256,8.818530795098038,0.8331204754073289,0.912914929182816,0.5711736461845238,3.7702182284980745,10.856929307695514,0.7913049449665359,0.8951772132429704,0.5099045768728112,{'strategy': 'median'},0.1
MNAR,KNN,2,0.372192,2.693881713120326,5.722621990601401,0.9297250248023263,0.9643082101540238,0.7163845151789329,2.9979460847240054,7.872504596787744,0.8902703524041751,0.944143788923681,0.6444998030070456,"{'n_neighbors': 5, 'weights': 'uniform'}",0.1
MNAR,MICE,2,2.318353,2.681193783311927,5.988616451730239,0.9230402620433849,0.9613830670603686,0.6793988090402249,2.736070629685671,7.014424842908119,0.9128871402199644,0.956257697178583,0.6314667435177779,"{'max_iter': 10, 'n_nearest_features': 10}",0.1
MNAR,MissForest,2,284.084409,2.1829945615227735,5.266048886039358,0.9404913147828985,0.971015026335134,0.7307973730674264,2.3488061617458285,7.029260191846128,0.9125182671203523,0.9572903046128228,0.6880472244676961,"{'n_estimators': 100, 'max_iter': 5}",0.1
MNAR,EM,2,1.954025,2.277798558701991,5.7175530312939875,0.9298494653906612,0.9651055039811727,0.7164927380752971,4.071315713135281,10.439513345350658,0.8070438406409273,0.8992858930452213,0.33442903398958945,"{'max_iter': 50, 'tolerance': 0.001}",0.1
MNAR,Mean,3,0.005586,3.852537266287751,9.127022051400221,0.8239566195288055,0.9100529074220219,0.36416868470358754,3.7562923078309405,8.407249759543996,0.8449958781936371,0.9267562567204982,0.36121128407710135,{'strategy': 'mean'},0.1
MNAR,Median,3,0.008026,3.6260940032414912,9.210631761134632,0.8207164928862669,0.9068807057401058,0.5553342531272909,3.2559366754617414,8.024862421658302,0.8587753395769542,0.9267041031610819,0.5289337996580938,{'strategy': 'median'},0.1
MNAR,KNN,3,0.372678,2.7114100486223665,6.334206229476308,0.9152097534702652,0.9569126193986872,0.7145331585165299,2.6358839050131926,6.48170146071674,0.9078673853807826,0.9529334316159781,0.6821345542198787,"{'n_neighbors': 5, 'weights': 'uniform'}",0.1
MNAR,MICE,3,2.340018,2.694208837905386,6.388508346070546,0.9137497360352598,0.9563527007246563,0.6755128760386404,2.4329558841809553,6.195911080077805,0.9158128706964175,0.9585109404603647,0.6450797913172139,"{'max_iter': 10, 'n_nearest_features': 10}",0.1
MNAR,MissForest,3,280.255638,2.1396693679092382,5.408924865532192,0.9381722563726222,0.9690423633008223,0.7500432969889672,2.0004089709762534,5.7509953824692,0.9274693806879086,0.9673337568933237,0.7150537996379042,"{'n_estimators': 100, 'max_iter': 5}",0.1
MNAR,EM,3,2.885952,2.25667234102627,5.589221044210789,0.9339817404127929,0.96679488391168,0.7180667751384573,3.740478113678862,8.381069349254824,0.8459597494113004,0.926777458964221,0.36121128407710135,"{'max_iter': 50, 'tolerance': 0.001}",0.1
MNAR,Mean,1,0.005666,3.8994664105045715,8.740305980516176,0.8376985932681569,0.9195668603492584,0.36889513068118995,3.70785594678732,8.637588223165194,0.8382062605304466,0.9197081349651587,0.36264550964622644,{'strategy': 'mean'},0.2
MNAR,Median,1,0.008052,3.588594033294874,8.667835162740412,0.8403789004617602,0.9171298113756011,0.5542237015561665,3.398064516129032,8.582991432798,0.8402451402146827,0.917219327396363,0.5481004041870248,{'strategy': 'median'},0.2
MNAR,KNN,1,0.438939,2.8148837975935392,6.6758162174457425,0.9053157474528524,0.951700468040637,0.7121505718002782,2.548,5.459667956345732,0.9353588339663638,0.9674045559552499,0.6925023830806292,"{'n_neighbors': 5, 'weights': 'uniform'}",0.2
MNAR,MICE,1,2.28165,2.8139403318229945,6.513009185561858,0.9098776740019989,0.9562258367947268,0.6695042339729163,2.516163406237809,5.721238270889349,0.9290166011555241,0.9657859019120145,0.6383472795683702,"{'max_iter': 10, 'n_nearest_features': 10}",0.2
MNAR,MissForest,1,283.749377,2.2349892863029504,5.712079072440877,0.9306801790607895,0.9663491756510268,0.7498919477604018,2.080374193548387,5.132540969778186,0.9428729800116833,0.9723033658119141,0.7286221359171936,"{'n_estimators': 100, 'max_iter': 5}",0.2
MNAR,EM,1,18.620479,3.1333930474818885,8.820901927221593,0.8346915713321003,0.9230635908232891,0.7530261749359689,3.678988502477224,8.600307522832036,0.8395998826546166,0.91971448488866,0.36655707427207673,"{'max_iter': 50, 'tolerance': 0.001}",0.2
MNAR,Mean,2,0.005764,3.8577942031551746,8.848455649331463,0.8290888650755462,0.9153178596880516,0.36324839196015957,4.189796032084565,10.461134370346288,0.7968213100568717,0.8939054879621339,0.34963141463419234,{'strategy': 'mean'},0.2
MNAR,Median,2,0.00811,3.555592935239697,8.729386388029933,0.833657648987669,0.9133032953652971,0.5693081588734363,3.8800786369593707,10.666977250830001,0.7887467823723676,0.8907687520459473,0.5409033789349087,{'strategy': 'median'},0.2
MNAR,KNN,2,0.438274,2.685483599663583,6.173782708780712,0.9167971732480733,0.9575612758526935,0.7217779377702906,2.907470511140236,7.3722230260622625,0.8990938758757536,0.9485297131249799,0.6756199477026013,"{'n_neighbors': 5, 'weights': 'uniform'}",0.2
MNAR,MICE,2,2.288816,2.609021974398309,6.3001404057843375,0.913356525865203,0.9571064204573263,0.6640849862455862,2.9951608438450443,8.178547260144232,0.8758139167474001,0.9370696930805092,0.6382721766642805,"{'max_iter': 10, 'n_nearest_features': 10}",0.2
MNAR,MissForest,2,285.105708,2.1551169049621532,5.484919447509565,0.9343286553305785,0.968147331313822,0.7460743952330358,2.4053800786369597,6.830145965177878,0.9133875019341244,0.9567153868382471,0.7152232215521694,"{'n_estimators': 100, 'max_iter': 5}",0.2
MNAR,EM,2,20.599245,3.1704327090407016,9.171253923096254,0.8163914770423608,0.9134205309745089,0.7572667424399179,4.153380413727557,10.444058991349658,0.7974840530356656,0.893883461367783,0.3523765692998321,"{'max_iter': 50, 'tolerance': 0.001}",0.2
MNAR,Mean,3,0.005838,3.905830789336151,9.103919092940448,0.8239501190868177,0.9127780316865178,0.3594665736403243,3.8588055316525636,8.438625059210453,0.828540097222821,0.9235090802104811,0.35206752953524145,{'strategy': 'mean'},0.2
MNAR,Median,3,0.008171,3.580769230769231,8.982026515621753,0.8286328309659455,0.9105800050972935,0.560955442419151,3.333119383825417,7.852989749787629,0.8515127198286011,0.92325845089854,0.5508549796736592,{'strategy': 'median'},0.2
MNAR,KNN,3,0.453117,2.7392307692307694,6.544003514418882,0.9090367425112404,0.9535410338106045,0.7090739304929972,2.5670089858793324,6.171558850021698,0.9082916371750852,0.9531005126803148,0.7041692943239309,"{'n_neighbors': 5, 'weights': 'uniform'}",0.2
MNAR,MICE,3,2.271703,2.3962635713452944,5.80294424867419,0.9284720541704142,0.9642320953841919,0.6797550513785027,2.25539748372842,5.891490338691392,0.9164263190380153,0.9604141904722578,0.6730048861997493,"{'max_iter': 10, 'n_nearest_features': 10}",0.2
MNAR,MissForest,3,280.065467,2.1681112929623567,5.338436186424849,0.9394649273293842,0.9702381652346734,0.7546469160174867,2.0675288831835688,5.4390561471179835,0.9287694536778253,0.9668508098969307,0.7376297809319494,"{'n_estimators': 100, 'max_iter': 5}",0.2
MNAR,EM,3,15.733322,3.0918520379181698,8.267741417805402,0.8548046436274143,0.9318823123806274,0.7521279724905525,3.813419677381369,8.359174703931728,0.8317535167968045,0.923614743265306,0.35589978944092304,"{'max_iter': 50, 'tolerance': 0.001}",0.2
MNAR,Mean,1,0.005901,3.966072444752845,9.101441166475086,0.8313112404057478,0.9160268444049432,0.36391055404196004,3.8268170408408326,8.888213859328252,0.8329290785796593,0.9172143640465885,0.35412359565088625,{'strategy': 'mean'},0.3
MNAR,Median,1,0.008188,3.650737722968509,9.071846142025121,0.8324065023759492,0.913004498705373,0.5510580484883512,3.5231301340250756,8.846996505491559,0.8344750032480743,0.9141728295955955,0.537017021951413,{'strategy': 'median'},0.3
MNAR,KNN,1,0.49501,2.9110328121559133,6.932064717732071,0.9021431954827271,0.9499036150990013,0.7061243289586037,2.730350194552529,6.5391451558124265,0.9095697289780559,0.9541313647965199,0.6890035049305395,"{'n_neighbors': 5, 'weights': 'uniform'}",0.3
MNAR,MICE,1,2.243675,2.8480340558322452,7.133127889682631,0.8963842359605656,0.9496690728853237,0.694207218331715,2.6782690639584485,6.65494758256938,0.9063384900712679,0.9545949198845556,0.658352238118615,"{'max_iter': 10, 'n_nearest_features': 10}",0.3
MNAR,MissForest,1,276.222963,2.36980786170447,6.218119625714522,0.9212620763034495,0.9611927567653993,0.7531647749651419,2.236111111111111,5.689281492204061,0.9315479087043629,0.9662927929670281,0.7367464561881196,"{'n_estimators': 100, 'max_iter': 5}",0.3
MNAR,EM,1,3.317248,2.875089830971719,7.457446865433757,0.8867479301834926,0.9453622609811607,0.7427032002163756,3.7837956369072963,8.831157915285548,0.8350671445062762,0.9173171540743401,0.3597761973047826,"{'max_iter': 50, 'tolerance': 0.001}",0.3
MNAR,Mean,2,0.005724,3.920159031994937,8.889868318917054,0.8277913335002259,0.9167393252545851,0.3584109544737879,4.008661946615908,9.703374197869682,0.8107502921370878,0.9039251416047841,0.35423384755787457,{'strategy': 'mean'},0.3
MNAR,Median,2,0.008113,3.580979178390546,8.638718771590577,0.8373840952484122,0.9151514458229113,0.5565049119116388,3.669736842105263,9.653446798305739,0.8126927993449736,0.9021137745254086,0.5407979433696791,{'strategy': 'median'},0.3
MNAR,KNN,2,0.484066,2.7656949915588074,6.30406716354419,0.9134023691529503,0.9561252750477119,0.7053316212895322,2.88,7.329730374878809,0.892014446898767,0.9445966856392585,0.6844265895370062,"{'n_neighbors': 5, 'weights': 'uniform'}",0.3
MNAR,MICE,2,2.47759,2.712149569220277,6.513598622952384,0.9075501237517473,0.9546962732695085,0.6672097146529798,2.896736067907522,7.466110603706437,0.8879586077008886,0.9436917585734574,0.6552874217406512,"{'max_iter': 10, 'n_nearest_features': 10}",0.3
MNAR,MissForest,2,276.219316,2.2375137872819355,5.6262034615812295,0.9310244432107001,0.9669277862965873,0.7489318031198618,2.3699780701754385,6.78492719000611,0.9074705370549772,0.9537814047704891,0.7433698499984727,"{'n_estimators': 100, 'max_iter': 5}",0.3
MNAR,EM,2,3.970977,2.711865486916267,7.132056213013873,0.8891606774419699,0.9458730224810293,0.7436592057157931,3.9439033374044916,9.632978363702412,0.8134862611473814,0.9040927903483563,0.35886107319079374,"{'max_iter': 50, 'tolerance': 0.001}",0.3
MNAR,Mean,3,0.00569,3.8713436847674547,8.815977565489296,0.8301712381522302,0.9178626811814661,0.36287047976586106,3.8756806651836495,8.61515427168662,0.8315684203827243,0.9228614590513045,0.34703022862325894,{'strategy': 'mean'},0.3
MNAR,Median,3,0.008301,3.5251357220412594,8.606181968688317,0.8381579615868973,0.9156523309824555,0.5535233963762927,3.4348958333333335,8.124091829586588,0.8502223364279786,0.9222182118433098,0.542818976187466,{'strategy': 'median'},0.3
MNAR,KNN,3,0.492221,2.7991205211726387,6.552210839390162,0.9061906734078181,0.9520854986599473,0.7059762183602755,2.6630208333333334,6.072275909592895,0.9163240990099704,0.9573744669966247,0.7043855645689061,"{'n_neighbors': 5, 'weights': 'uniform'}",0.3
MNAR,MICE,3,2.349003,2.5752526410467276,6.182886999760391,0.9164679943393333,0.9591670702255102,0.6717013891931203,2.446422696485925,6.094543796036589,0.9157092712407707,0.9584593807938572,0.6712688197947043,"{'max_iter': 10, 'n_nearest_features': 10}",0.3
MNAR,MissForest,3,274.394052,2.2498469055374595,5.593365448084956,0.9316376975607762,0.9666265812836902,0.7647793084007207,2.255078125,6.063999750061836,0.9165520343629945,0.9618110375656369,0.7494062321537677,"{'n_estimators': 100, 'max_iter': 5}",0.3
MNAR,EM,3,3.786822,2.773763059968435,7.246130524648031,0.885268519936534,0.9453830696672822,0.7467000390525678,3.8144702174222322,8.483953852207597,0.8366594554233822,0.9229800175035633,0.3478238794169096,"{'max_iter': 50, 'tolerance': 0.001}",0.3
MNAR,Mean,1,0.006045,4.078582729361658,9.50967840299943,0.8151994336185009,0.9087375025470857,0.35918318986420994,3.9192619321449467,9.189527223949307,0.8229493128340641,0.9132242582947405,0.3497145417694255,{'strategy': 'mean'},0.4
MNAR,Median,1,0.008552,3.7331159180977544,9.369542665232613,0.8206057892905476,0.906046029232042,0.5429912526470158,3.5841423948220066,9.051327925604534,0.8282345236123121,0.9103467437016601,0.5318282105118958,{'strategy': 'median'},0.4
MNAR,KNN,1,0.532938,3.013399933949802,7.213537711900033,0.8936669550325261,0.9454826330869109,0.7011992936505236,2.8388996763754046,6.803510420753939,0.9029540562239798,0.950499540433839,0.6917344863166802,"{'n_neighbors': 5, 'weights': 'uniform'}",0.4
MNAR,MICE,1,2.439027,2.840016125102553,6.822656008242645,0.9048785224653972,0.9536403342690224,0.679053262160415,2.80913419034924,6.8915622559893,0.9004258410542918,0.9515004695431591,0.6627676987699297,"{'max_iter': 10, 'n_nearest_features': 10}",0.4
MNAR,MissForest,1,268.520859,2.487519815059445,6.436676267340281,0.9153367431454853,0.9586787352587806,0.7633773810685414,2.434925566343042,6.607341792759252,0.908469712709846,0.9542897682966132,0.7399973536176107,"{'n_estimators': 100, 'max_iter': 5}",0.4
MNAR,EM,1,2.760532,2.890523555922906,7.348596931313638,0.8896479281141119,0.9461306083108524,0.7302089220827226,3.849202796760424,9.101152423887633,0.8263382972120406,0.9132509544228119,0.35660072425663203,"{'max_iter': 50, 'tolerance': 0.001}",0.4
MNAR,Mean,2,0.005805,3.9273346831743923,9.00559330233371,0.8285754935792773,0.9158476951648059,0.36049049738716277,4.090660322228135,9.599126808329311,0.8042326319699958,0.9044575796031797,0.3484460017399349,{'strategy': 'mean'},0.4
MNAR,Median,2,0.008331,3.592964824120603,8.843658108033946,0.8346850474838028,0.9137522482307793,0.5552030644138033,3.6728415481309957,9.35744055186957,0.8139665682175132,0.9023560671506117,0.5394944585737782,{'strategy': 'median'},0.4
MNAR,KNN,2,0.513756,2.832399284558385,6.450153224566846,0.9120596255494324,0.955397463023915,0.7070329686088468,3.003903407211379,7.4527263026166155,0.8819931578650082,0.939531353379847,0.6837266778086432,"{'n_neighbors': 5, 'weights': 'uniform'}",0.4
MNAR,MICE,2,2.434919,2.599025003165006,6.484795825818656,0.9111124652963533,0.9573878604672658,0.674877114501955,2.7947633168685857,7.152379690775655,0.8913129085467917,0.9464075104909386,0.6599944499859342,"{'max_iter': 10, 'n_nearest_features': 10}",0.4
MNAR,MissForest,2,270.106766,2.3645796780512733,6.002241277866195,0.9238490815144991,0.9639593197348281,0.7567178666227469,2.4796261991399273,6.945411622552123,0.897512046025428,0.9494399705833357,0.7448783458303753,"{'n_estimators': 100, 'max_iter': 5}",0.4
MNAR,EM,2,3.956435,2.676946419378372,6.576950376266324,0.9085681772748868,0.9556733322945792,0.7274649341257257,4.013350502153585,9.501738566189903,0.8081848092274662,0.9046093632951514,0.3512784157910738,"{'max_iter': 50, 'tolerance': 0.001}",0.4
MNAR,Mean,3,0.006129,3.936912119101492,8.947777867576782,0.8265465483901385,0.9176809487968586,0.3592711809590122,3.9004647301064677,8.619204371415359,0.8325902808246712,0.9250614855785754,0.34790272244236575,{'strategy': 'mean'},0.4
MNAR,Median,3,0.008355,3.5633704161516273,8.627684429053613,0.8387346505986806,0.9159701073269626,0.5487274233291279,3.4479132435096944,8.0188735632751,0.8550984461542931,0.9253217078601385,0.540448718665336,{'strategy': 'median'},0.4
MNAR,KNN,3,0.527266,2.8750638648537286,6.60330821934259,0.9055339629547389,0.9519191779826877,0.6945964034226393,2.664541570818271,6.085689997092886,0.9165423863532909,0.9575750591780802,0.6963431324016468,"{'n_neighbors': 5, 'weights': 'uniform'}",0.4
MNAR,MICE,3,2.365362,2.635979609000321,6.090943433277106,0.9196248695402317,0.9611631778267065,0.6700414514523557,2.4892495160218906,6.048981798654748,0.9175461637600466,0.9600959064788205,0.6666427911496652,"{'max_iter': 10, 'n_nearest_features': 10}",0.4
MNAR,MissForest,3,269.964188,2.3357923362175526,5.8364573371217965,0.9262008790141489,0.9650054113207851,0.7657434139183785,2.3223595136378576,5.867606797500069,0.9224166877335176,0.9635467279426965,0.7475338621029589,"{'n_estimators': 100, 'max_iter': 5}",0.4
MNAR,EM,3,3.386025,2.7959380156267417,7.212559950692208,0.8872980499794757,0.9463291658080194,0.7367939444403868,3.8060674142106934,8.421042346314945,0.8401995442850633,0.9253653182263862,0.3534969674067351,"{'max_iter': 50, 'tolerance': 0.001}",0.4
